seed,variant,field,relative_l2_percent
42,normalized,w,0.16537925335646012
42,normalized,beta_x,0.5450469998218191
42,normalized,beta_y,0.5499263695135341
42,normalized,M_xx,1.4845772036664544
42,normalized,M_yy,0.7931624945347675
42,normalized,M_xy,2.0851423064881365
42,normalized,Q_x,3.9232710121077776
42,normalized,Q_y,2.370475079727815
42,unnormalized,w,22.941315870826028
42,unnormalized,beta_x,115.21253166342522
42,unnormalized,beta_y,99.533557482948
42,unnormalized,M_xx,32.204441565574264
42,unnormalized,M_yy,22.084328434035182
42,unnormalized,M_xy,85.15810030274058
42,unnormalized,Q_x,35.81708555311689
42,unnormalized,Q_y,22.477125227984402
7,normalized,w,0.1539260530211864
7,normalized,beta_x,0.7348375195592666
7,normalized,beta_y,0.35981675294855564
7,normalized,M_xx,1.5463996141273813
7,normalized,M_yy,0.8201646030483055
7,normalized,M_xy,1.8608151116435334
7,normalized,Q_x,3.896169081811874
7,normalized,Q_y,2.0259078858225195
7,unnormalized,w,47.11250756062096
7,unnormalized,beta_x,66.15466157741963
7,unnormalized,beta_y,34.224244670368805
7,unnormalized,M_xx,33.32165255344272
7,unnormalized,M_yy,15.560058226575698
7,unnormalized,M_xy,52.65983896357429
7,unnormalized,Q_x,34.79505415631395
7,unnormalized,Q_y,13.321562115330792
2026,normalized,w,0.1694033275911965
2026,normalized,beta_x,0.7706895856524005
2026,normalized,beta_y,0.40886578852181393
2026,normalized,M_xx,1.5276334007942012
2026,normalized,M_yy,0.8303852754316545
2026,normalized,M_xy,1.7909326555845033
2026,normalized,Q_x,3.679953609867813
2026,normalized,Q_y,1.8912312857067821
2026,unnormalized,w,24.108957980507636
2026,unnormalized,beta_x,45.72214342745517
2026,unnormalized,beta_y,46.37043276123399
2026,unnormalized,M_xx,25.632362168856954
2026,unnormalized,M_yy,13.234109086012916
2026,unnormalized,M_xy,44.48872955080833
2026,unnormalized,Q_x,25.000910818246
2026,unnormalized,Q_y,15.486415686000873
